Umpire,Nationality,First officiated ,Last officiated ,No. of Matches 
K. N. Ananthapadmanabhan ,  India ,2016,2020,33
Sudhir Asnani ,  India ,2009,2013,31
Yeshwant Barde ,  India ,2017,2020,19
Gary Baxter ,  New Zealand ,2009,2009,7
Mark Benson ,  England ,2008,2009,13
Krishnamachari Bharatan ,  India ,2016,2016,3
Billy Bowden ,  New Zealand ,2009,2014,38
Anil Chaudhary ,  India ,2012,2020,87
Johan Cloete ,  South Africa ,2012,2015,17
Anil Dandekar ,  India ,2016,2020,28
Aleem Dar ,  Pakistan ,2008,2014,38
Subrat Das ,  India ,2010,2013,15
Subroto Das ,  India ,2013,2013,1
Steve Davis ,  Australia ,2008,2008,7
Abhijit Deshmukh ,  India ,2017,2018,12
Rajesh Deshpande ,  India ,2014,2015,8
Kumar Dharmasena ,  Sri Lanka ,2009,2018,94
Billy Doctrove ,Â West Indies ,2008,2012,44
Marais Erasmus ,  South Africa ,2009,2019,66
Simon Fry ,  Australia ,2015,2015,6
Chris Gaffaney ,  New Zealand ,2015,2020,47
Ulhas Gandhe ,  India ,2019,2020,8
Ian Gould ,  England ,2019,2019,6
Krishna Hariharan ,  India ,2008,2011,21
Daryl Harper ,  Australia ,2008,2010,28
Sanjay Hazare ,  India ,2009,2014,17
Tony Hill ,  New Zealand ,2011,2011,6
Ian Howell ,  South Africa ,2008,2009,14
Richard Illingworth ,  England ,2014,2020,32
Arani Jayaprakash ,  India ,2008,2008,7
Brian Jerling ,  South Africa ,2008,2010,18
Nand Kishore ,  India ,2016,2019,25
Rudi Koertzen ,  South Africa ,2008,2011,42
Vineet Kulkarni ,  India ,2012,2020,51
Nigel Llong ,  England ,2013,2019,37
Nitin Menon ,  India ,2016,2020,57
C. K. Nandan ,  India ,2013,2019,57
Bruce Oxenford ,  Australia ,2012,2019,48
Pashchim Pathak ,  India ,2014,2020,11
G. A. Pratapkumar ,  India ,2008,2008,6
Shashank Ranade ,  India ,2009,2009,2
Asad Rauf ,  Pakistan ,2008,2013,51
Sundaram Ravi ,  India ,2009,2020,121
Paul Reiffel ,  Australia ,2011,2020,24
Amiesh Saheba ,  India ,2008,2011,27
Chettithody Shamshuddin ,  India ,2012,2020,83
Virender Sharma ,  India ,2016,2020,26
Suresh Shastri ,  India ,2008,2011,14
Ivaturi Shivram ,  India ,2008,2008,6
Krishnaraj Srinath ,  India ,2013,2015,15
Krishnamachari Srinivasan ,  India ,2015,2020,6
Shavir Tarapore ,  India ,2009,2012,31
Simon Taufel ,  Australia ,2009,2013,55
Russell Tiffin ,  Zimbabwe ,2008,2011,30
Rod Tucker ,  Australia ,2011,2019,46
Tyron Wijewardene ,  Sri Lanka ,2009,2009,6
